{
    "Prob_class": {
        "1": 0.15011255029240642,
        "2": 0.08140826216365785,
        "3": 0.10977018800759808,
        "4": 0.21985446985446985,
        "5": 0.43885452968186783
    },
    "featurescount": {
        "1": 5524881,
        "2": 3014043,
        "3": 3846333,
        "4": 6813217,
        "5": 10293825
    },
    "v": 23725287
}