{
    "Prob_class": {
        "1": 0.1500132742039217,
        "2": 0.0810324713202411,
        "3": 0.11051503911216141,
        "4": 0.2197694027729999,
        "5": 0.4386698125906759
    },
    "featurescount": {
        "1": 55984986,
        "2": 30596990,
        "3": 39283398,
        "4": 69160379,
        "5": 105306439
    },
    "v": 44926306
}