{
    "Prob_class": {
        "1": 0.15011255029240642,
        "2": 0.08140826216365785,
        "3": 0.10977018800759808,
        "4": 0.21985446985446985,
        "5": 0.43885452968186783
    },
    "v": 451122,
    "wordscount": {
        "1": 5685445,
        "2": 3101120,
        "3": 3963730,
        "4": 7048370,
        "5": 10763226
    }
}