{
    "Prob_class": {
        "1": 0.15011255029240642,
        "2": 0.08140826216365785,
        "3": 0.10977018800759808,
        "4": 0.21985446985446985,
        "5": 0.43885452968186783
    },
    "featurescount": {
        "1": 5605158,
        "2": 3057580,
        "3": 3905027,
        "4": 6930788,
        "5": 10528516
    },
    "v": 8833232
}