{
    "Prob_class": {
        "1": 0.15011255029240642,
        "2": 0.08140826216365785,
        "3": 0.10977018800759808,
        "4": 0.21985446985446985,
        "5": 0.43885452968186783
    },
    "v": 512559,
    "wordscount": {
        "1": 11408003,
        "2": 6100580,
        "3": 7649969,
        "4": 13365265,
        "5": 20487253
    }
}